-- phpMyAdmin SQL Dump
-- version 4.9.1
-- https://www.phpmyadmin.net/
--
-- Host: 127.0.0.1
-- Tempo de geração: 12-Dez-2019 às 15:21
-- Versão do servidor: 10.4.8-MariaDB
-- versão do PHP: 7.3.10

SET SQL_MODE = "NO_AUTO_VALUE_ON_ZERO";
SET AUTOCOMMIT = 0;
START TRANSACTION;
SET time_zone = "+00:00";


/*!40101 SET @OLD_CHARACTER_SET_CLIENT=@@CHARACTER_SET_CLIENT */;
/*!40101 SET @OLD_CHARACTER_SET_RESULTS=@@CHARACTER_SET_RESULTS */;
/*!40101 SET @OLD_COLLATION_CONNECTION=@@COLLATION_CONNECTION */;
/*!40101 SET NAMES utf8mb4 */;

--
-- Banco de dados: `teste`
--

-- --------------------------------------------------------

--
-- Estrutura da tabela `tblgestor`
--

CREATE TABLE `tblgestor` (
  `intgestorid` int(11) NOT NULL,
  `tipo_eleito` varchar(45) DEFAULT NULL,
  `cargo` varchar(45) DEFAULT NULL,
  `situacao_cargo` varchar(45) DEFAULT NULL,
  `matricula` varchar(45) DEFAULT NULL,
  `nome` varchar(45) DEFAULT NULL,
  `cpf` varchar(45) DEFAULT NULL,
  `telefone` varchar(20) DEFAULT NULL,
  `celular` varchar(20) DEFAULT NULL,
  `celular2` varchar(20) DEFAULT NULL,
  `email` varchar(45) DEFAULT NULL,
  `codigo_imovel` int(11) NOT NULL
) ENGINE=InnoDB DEFAULT CHARSET=utf8;

--
-- Extraindo dados da tabela `tblgestor`
--

INSERT INTO `tblgestor` (`intgestorid`, `tipo_eleito`, `cargo`, `situacao_cargo`, `matricula`, `nome`, `cpf`, `telefone`, `celular`, `celular2`, `email`, `codigo_imovel`) VALUES
(1, 'ELEITO', 'GESTOR GERAL', '', '920132', 'DEURIVAN R SAMPAIO', '157.606.503-00', '', '(98)99126-6721', '', 'DEURIVANSAMPAIO@OI.COM.BR', 88),
(2, 'ELEITO', 'GESTOR AUXILIAR', '', '1147677', 'SILVIO CARDOSO DINIZ', '215.894.023-91', '', '(98)98816-5187', '', 'SILVIO_15DINIZ@HOTMAIL.COM', 88),
(3, 'NAO ELEITO 2016', 'GESTOR AUXILIAR', '', '', 'JOAO SOARES DA FONSECA', '', '', '(98)99169-5531', '', '', 88),
(4, 'NAO ELEITO 2016', 'GESTOR GERAL', '', '1727288', 'BRUNA WANESSA D. COELHO RODRIGUES', '644.129.033-20', '', '(99)98242-1514', '(99)98242-1514', 'BRUNA_WANESSA@HOTMAIL.COM', 367),
(5, 'NAO ELEITO 2016', 'GESTOR AUXILIAR', '', '640733', 'MARIA DULCINEIA DUARTE ARAGAO', '471.741.533-72', '', '(99)98220-2221', '(99)98220-2221', 'DUARTEDULCI23@HOTMAIL.COM', 367);

-- --------------------------------------------------------

--
-- Estrutura da tabela `tblimovel`
--

CREATE TABLE `tblimovel` (
  `codigo` int(11) NOT NULL,
  `codigo_mae` int(11) DEFAULT NULL,
  `regional` varchar(45) DEFAULT NULL,
  `cidade` varchar(45) DEFAULT NULL,
  `inep` varchar(45) DEFAULT NULL,
  `anexo` varchar(45) DEFAULT NULL,
  `descricao` varchar(45) DEFAULT NULL,
  `nome` varchar(45) DEFAULT NULL,
  `modalidade` varchar(45) DEFAULT NULL,
  `situacao` varchar(45) DEFAULT NULL,
  `ocupacao` varchar(45) DEFAULT NULL,
  `educacao_infantil_presencial` varchar(45) DEFAULT NULL,
  `anos_finais_presencial` int(11) DEFAULT NULL,
  `ensino_medio_presencial` int(11) DEFAULT NULL,
  `educacao_profissional_presencial` int(11) DEFAULT NULL,
  `eja_presencial` int(11) DEFAULT NULL,
  `magisterio_ead` int(11) DEFAULT NULL,
  `eja_ead` int(11) DEFAULT NULL,
  `educacao_presencial_ead` int(11) DEFAULT NULL,
  `total_escolarizacao` int(11) DEFAULT NULL,
  `cep` varchar(15) DEFAULT NULL,
  `logradouro` varchar(45) DEFAULT NULL,
  `numero` varchar(10) DEFAULT NULL,
  `data_cadastro` varchar(30) DEFAULT NULL,
  `ultima_atualizacao` varchar(30) DEFAULT NULL,
  `latitude` varchar(45) DEFAULT NULL,
  `longitude` varchar(45) DEFAULT NULL,
  `anos_iniciais_presencial` int(11) DEFAULT NULL,
  `educacao_profisional_ead` int(11) DEFAULT NULL,
  `eja_semipresencial` int(11) DEFAULT NULL,
  `complemento` varchar(45) DEFAULT NULL,
  `bairro` varchar(45) DEFAULT NULL
) ENGINE=InnoDB DEFAULT CHARSET=utf8;

--
-- Extraindo dados da tabela `tblimovel`
--

INSERT INTO `tblimovel` (`codigo`, `codigo_mae`, `regional`, `cidade`, `inep`, `anexo`, `descricao`, `nome`, `modalidade`, `situacao`, `ocupacao`, `educacao_infantil_presencial`, `anos_finais_presencial`, `ensino_medio_presencial`, `educacao_profissional_presencial`, `eja_presencial`, `magisterio_ead`, `eja_ead`, `educacao_presencial_ead`, `total_escolarizacao`, `cep`, `logradouro`, `numero`, `data_cadastro`, `ultima_atualizacao`, `latitude`, `longitude`, `anos_iniciais_presencial`, `educacao_profisional_ead`, `eja_semipresencial`, `complemento`, `bairro`) VALUES
(88, 88, 'SAO LUIS', 'SAO LUIS', '21009848', 'MAE', 'CENTRO DE ENSINO', 'LICEU MARANHENSE', NULL, 'EM ATIVIDADE', 'PROPRIO', '0', 0, 2175, 0, 0, 0, 0, 0, 2175, '65.020-180', 'PARQUE URBANO SANTOS', 'SN', '2016/09/22 00:00', '2017/09/30 00:00', '-2,529471791', NULL, NULL, NULL, 0, '', 'CENTRO'),
(100, 100, 'LIMA CAMPOS', 'LIMA CAMPOS', '2.100.988,00', 'MAE', 'CENTRO DE ENSINO', 'LICEU LIMA', 'REGULAR', 'EM ATIVIDADE', 'PROPRIO', '0', 122, 122, 0, 0, 0, 0, 0, 24400, '65.020-180', 'VINHAIS', 'SN', '22/09/2016 00:00', '30/09/2017 00:00', '-2,525071791', '-40,29464086', 0, 0, 0, 'Ladeira', 'VINHAIS'),
(367, 367, 'BACABAL', 'BACABAL', '21100560', 'MAE', 'COLEGIO MILITAR', 'TIRADENTES', NULL, 'EM ATIVIDADE', 'PROPRIO', '0', 359, 354, 0, 10, 0, 0, 0, 723, '65.700-000', 'RUA FREDERICO LEDA', '', '2016/09/22 00:00', '2017/08/03 00:00', '-4,08146459', NULL, NULL, NULL, 0, '', 'CENTRO');

-- --------------------------------------------------------

--
-- Estrutura da tabela `tblrepasse`
--

CREATE TABLE `tblrepasse` (
  `intrepasseid` int(11) NOT NULL,
  `codigo_imovel` int(11) NOT NULL,
  `tipo_repasse` varchar(45) DEFAULT NULL,
  `codigo_caixa_escolar` int(11) DEFAULT NULL,
  `ano_parcela` varchar(4) DEFAULT NULL,
  `nivel_ensino` varchar(45) DEFAULT NULL,
  `etapa_ensino` varchar(45) DEFAULT NULL,
  `numero_parcela` int(11) DEFAULT 0,
  `valor` varchar(12) DEFAULT NULL,
  `numero_processo` int(11) DEFAULT 0,
  `ano_processo` varchar(4) DEFAULT NULL,
  `descricao_repasse` varchar(200) DEFAULT NULL
) ENGINE=InnoDB DEFAULT CHARSET=utf8;

--
-- Extraindo dados da tabela `tblrepasse`
--

INSERT INTO `tblrepasse` (`intrepasseid`, `codigo_imovel`, `tipo_repasse`, `codigo_caixa_escolar`, `ano_parcela`, `nivel_ensino`, `etapa_ensino`, `numero_parcela`, `valor`, `numero_processo`, `ano_processo`, `descricao_repasse`) VALUES
(1, 88, 'MANUTENCAO', 1861, '2017', 'MEDIO E FUNDAMENTAL', '', 3, '13594', 0, '', '3ª PARCELA DO REPASSE CONVENCIONAL 2017'),
(2, 88, 'MANUTENCAO', 1861, '2013', '', '', 1, '19185', 7361, '2013', 'REPASSE AS CAIXA ESCOLARES PARA O DESFILE ESTUDANTIL 2013'),
(3, 88, 'MANUTENCAO', 1861, '2013', 'MEDIO', '', 1, '14981', 7361, '2014', ''),
(4, 88, 'MANUTENCAO', 1861, '2013', 'MEDIO', '', 2, '14981', 5607, '2013', ''),
(5, 88, 'MANUTENCAO', 1861, '2014', 'MEDIO', '', 4, '14981', 74393, '2014', '4º REPASSE CONVENCIONAL REFERENTE AO ANO DE 2013'),
(6, 88, 'MANUTENCAO', 1861, '2014', 'MEDIO', '', 1, '14631', 9815, '2015', '1ªPARCELA DO REPASSE CONVENCIONAL'),
(7, 88, 'PAGAMENTO TERCEIROS', 1861, '2014', 'MEDIO', '', 1, '7000', 9810, '2015', 'REPASSE EXTRA DE RECURSO FINANCEIRO PARA CUSTEAR DESPESAS COM SERVICO DE INSTALACAO DE AR CONDICIONADO.'),
(8, 88, 'MANUTENCAO', 1861, '2014', 'MEDIO', '', 1, '14000', 9810, '2015', 'REPASSE EXTRA DE RECURSO FINANCEIRO DESTINADO A DESPESAS COM PEQUENOS SERVICOS DE ENGENHARIA.'),
(9, 88, 'OUTROS', 1861, '2014', 'MEDIO E FUNDAMENTAL', '', 1, '960', 15117, '2015', 'REPASSE EXTRA DE RECURSOS FINANCEIRO PARA CUSTEAR DESPESAS NA COMPRA DE VESTIMENTAS AOS ALUNOS QUE PARTICIPACAO DO ENCONTRO NACIONAL PARLAMENTO JUVENIL DO MERCOSUL'),
(10, 88, 'MANUTENCAO', 1861, '2014', 'MEDIO', '', 2, '14631', 9815, '2015', '2ªPARCELA DO REPASSE CONVENCIONAL'),
(11, 88, 'MANUTENCAO', 1861, '2014', '', '', 1, '12339', 9819, '2015', 'REPASSE EXTRA DE RECURSO FINANCEIRO DESTINADO A REALIZACAO DO DESFILE ESTUDANTIL 2014.'),
(12, 88, 'MANUTENCAO', 1861, '2013', 'MEDIO', '', 2, '14981', 5607, '2013', ''),
(13, 88, 'MANUTENCAO', 1861, '2014', 'MEDIO', '', 4, '14981', 74393, '2014', '4º REPASSE CONVENCIONAL REFERENTE AO ANO DE 2013'),
(14, 88, 'MANUTENCAO', 1861, '2014', 'MEDIO', '', 1, '14631', 9815, '2015', '1ªPARCELA DO REPASSE CONVENCIONAL'),
(15, 88, 'PAGAMENTO TERCEIROS', 1861, '2014', 'MEDIO', '', 1, '7000', 9810, '2015', 'REPASSE EXTRA DE RECURSO FINANCEIRO PARA CUSTEAR DESPESAS COM SERVICO DE INSTALACAO DE AR CONDICIONADO.'),
(16, 88, 'MANUTENCAO', 1861, '2014', 'MEDIO', '', 1, '14000', 9810, '2015', 'REPASSE EXTRA DE RECURSO FINANCEIRO DESTINADO A DESPESAS COM PEQUENOS SERVICOS DE ENGENHARIA.'),
(17, 88, 'OUTROS', 1861, '2014', 'MEDIO E FUNDAMENTAL', '', 1, '960', 15117, '2015', 'REPASSE EXTRA DE RECURSOS FINANCEIRO PARA CUSTEAR DESPESAS NA COMPRA DE VESTIMENTAS AOS ALUNOS QUE PARTICIPACAO DO ENCONTRO NACIONAL PARLAMENTO JUVENIL DO MERCOSUL'),
(18, 88, 'MANUTENCAO', 1861, '2014', 'MEDIO', '', 2, '14631', 9815, '2015', '2ªPARCELA DO REPASSE CONVENCIONAL'),
(19, 88, 'MANUTENCAO', 1861, '2014', '', '', 1, '12339', 9819, '2015', 'REPASSE EXTRA DE RECURSO FINANCEIRO DESTINADO A REALIZACAO DO DESFILE ESTUDANTIL 2014.'),
(20, 88, 'MANUTENCAO', 1861, '2014', 'MEDIO', '', 3, '14631', 18237, '2015', '3ªPARCELA DO REPASSE CONVENCIONAL'),
(21, 88, 'MANUTENCAO', 1861, '2015', 'MEDIO', '', 1, '14013', 20584, '2016', '1ª PARCELA DO REPASSE CONVENCIONAL'),
(22, 88, 'MANUTENCAO', 1861, '2015', 'MEDIO', '', 2, '14013', 20584, '2016', '2ª PARCELA DO REPASSE CONVENCIONAL'),
(23, 88, 'MANUTENCAO', 1861, '2015', 'MEDIO', '', 1, '3840', 221287, '2016', 'CUSTEIO DE DESPESAS COM O PROJETO JOVEM EMBAIXADOR NOS ESTADOS UNIDOS DA AMERICA.'),
(24, 88, 'MANUTENCAO', 1861, '2016', '', '', 1, '2000', 221303, '2016', '1º REPASSE DO EMERGENCIAL PARA AS ESCOLAS DO ENSINO MEDIO.'),
(25, 88, 'MANUTENCAO', 1861, '2016', 'MEDIO', '', 1, '13450', 474, '2017', '1ª PARCELA DO REPASSE CONVENCIONAL 2016'),
(26, 88, 'MANUTENCAO', 1861, '2016', 'MEDIO', '', 2, '13450', 474, '2017', '2ª PARCELA DO REPASSE CONVENCIONAL 2016'),
(27, 88, 'MANUTENCAO', 1861, '2016', 'MEDIO', '', 3, '13450', 476, '2017', '3ª PARCELA DO REPASSE CONVENCIONAL 2016'),
(28, 88, 'MANUTENCAO', 1861, '2016', 'MEDIO', '', 4, '13450', 476, '2017', '4ª PARCELA DO REPASSE CONVENCIONAL 2016'),
(29, 88, 'OUTROS', 1861, '2016', 'MEDIO', '', 1, '10000', 451, '2017', 'REPASSE EXTRA PARA SUPRIR AS DESPESAS COM ESCOLAS DA REDE ESTADUAL QUE OBTIVERAM OS MELHORES RESULTADOS NO ENEM 2015.'),
(30, 88, 'MANUTENCAO', 1861, '2017', 'MEDIO', '', 1, '13594', 188486, '2017', '1ª PARCELA DO REPASSE CONVENCIONAL 2017'),
(31, 88, 'MANUTENCAO', 1861, '2017', 'MEDIO', '', 2, '13594', 188486, '2017', '2ª PARCELA DO REPASSE CONVENCIONAL 2017'),
(32, 88, 'MANUTENCAO', 1861, '2017', 'MEDIO E FUNDAMENTAL', '', 3, '13594', 0, '', '3ª PARCELA DO REPASSE CONVENCIONAL 2017'),
(33, 88, 'MANUTENCAO', 1861, '2014', 'MEDIO', '', 3, '14981', 74378, '2014', '3º REPASSE CONVENCIONAL REFERENTE AO ANO DE 2013'),
(34, 88, 'MANUTENCAO', 1861, '2013', '', '', 1, '19185', 7361, '2013', 'REPASSE AS CAIXA ESCOLARES PARA O DESFILE ESTUDANTIL 2013'),
(35, 88, 'MANUTENCAO', 1861, '2013', 'MEDIO', '', 1, '14981', 7361, '2014', ''),
(36, 88, 'MANUTENCAO', 1861, '2013', 'MEDIO', '', 2, '14981', 5607, '2013', ''),
(37, 88, 'MANUTENCAO', 1861, '2014', 'MEDIO', '', 4, '14981', 74393, '2014', '4º REPASSE CONVENCIONAL REFERENTE AO ANO DE 2013'),
(38, 88, 'MANUTENCAO', 1861, '2014', 'MEDIO', '', 1, '14631', 9815, '2015', '1ªPARCELA DO REPASSE CONVENCIONAL'),
(39, 88, 'PAGAMENTO TERCEIROS', 1861, '2014', 'MEDIO', '', 1, '7000', 9810, '2015', 'REPASSE EXTRA DE RECURSO FINANCEIRO PARA CUSTEAR DESPESAS COM SERVICO DE INSTALACAO DE AR CONDICIONADO.'),
(40, 88, 'MANUTENCAO', 1861, '2014', 'MEDIO', '', 1, '14000', 9810, '2015', 'REPASSE EXTRA DE RECURSO FINANCEIRO DESTINADO A DESPESAS COM PEQUENOS SERVICOS DE ENGENHARIA.'),
(41, 88, 'OUTROS', 1861, '2014', 'MEDIO E FUNDAMENTAL', '', 1, '960', 15117, '2015', 'REPASSE EXTRA DE RECURSOS FINANCEIRO PARA CUSTEAR DESPESAS NA COMPRA DE VESTIMENTAS AOS ALUNOS QUE PARTICIPACAO DO ENCONTRO NACIONAL PARLAMENTO JUVENIL DO MERCOSUL'),
(42, 88, 'MANUTENCAO', 1861, '2014', 'MEDIO', '', 2, '14631', 9815, '2015', '2ªPARCELA DO REPASSE CONVENCIONAL'),
(43, 88, 'MANUTENCAO', 1861, '2014', '', '', 1, '12339', 9819, '2015', 'REPASSE EXTRA DE RECURSO FINANCEIRO DESTINADO A REALIZACAO DO DESFILE ESTUDANTIL 2014.'),
(44, 88, 'MANUTENCAO', 1861, '2014', 'MEDIO', '', 3, '14631', 18237, '2015', '3ªPARCELA DO REPASSE CONVENCIONAL'),
(45, 88, 'MANUTENCAO', 1861, '2015', 'MEDIO', '', 1, '14013', 20584, '2016', '1ª PARCELA DO REPASSE CONVENCIONAL'),
(46, 88, 'MANUTENCAO', 1861, '2015', 'MEDIO', '', 2, '14013', 20584, '2016', '2ª PARCELA DO REPASSE CONVENCIONAL'),
(47, 88, 'MANUTENCAO', 1861, '2015', 'MEDIO', '', 1, '3840', 221287, '2016', 'CUSTEIO DE DESPESAS COM O PROJETO JOVEM EMBAIXADOR NOS ESTADOS UNIDOS DA AMERICA.'),
(48, 88, 'MANUTENCAO', 1861, '2016', '', '', 1, '2000', 221303, '2016', '1º REPASSE DO EMERGENCIAL PARA AS ESCOLAS DO ENSINO MEDIO.'),
(49, 88, 'MANUTENCAO', 1861, '2016', 'MEDIO', '', 1, '13450', 474, '2017', '1ª PARCELA DO REPASSE CONVENCIONAL 2016'),
(50, 88, 'MANUTENCAO', 1861, '2016', 'MEDIO', '', 2, '13450', 474, '2017', '2ª PARCELA DO REPASSE CONVENCIONAL 2016'),
(51, 88, 'MANUTENCAO', 1861, '2016', 'MEDIO', '', 3, '13450', 476, '2017', '3ª PARCELA DO REPASSE CONVENCIONAL 2016'),
(52, 88, 'MANUTENCAO', 1861, '2016', 'MEDIO', '', 4, '13450', 476, '2017', '4ª PARCELA DO REPASSE CONVENCIONAL 2016'),
(53, 88, 'OUTROS', 1861, '2016', 'MEDIO', '', 1, '10000', 451, '2017', 'REPASSE EXTRA PARA SUPRIR AS DESPESAS COM ESCOLAS DA REDE ESTADUAL QUE OBTIVERAM OS MELHORES RESULTADOS NO ENEM 2015.'),
(54, 88, 'MANUTENCAO', 1861, '2017', 'MEDIO', '', 1, '13594', 188486, '2017', '1ª PARCELA DO REPASSE CONVENCIONAL 2017'),
(55, 88, 'MANUTENCAO', 1861, '2017', 'MEDIO', '', 2, '13594', 188486, '2017', '2ª PARCELA DO REPASSE CONVENCIONAL 2017'),
(56, 88, 'MANUTENCAO', 1861, '2014', 'MEDIO', '', 3, '14981', 74378, '2014', '3º REPASSE CONVENCIONAL REFERENTE AO ANO DE 2013'),
(57, 88, 'MANUTENCAO', 1861, '2014', 'MEDIO', '', 3, '14631', 18237, '2015', '3ªPARCELA DO REPASSE CONVENCIONAL'),
(58, 88, 'MANUTENCAO', 1861, '2015', 'MEDIO', '', 1, '14013', 20584, '2016', '1ª PARCELA DO REPASSE CONVENCIONAL'),
(59, 88, 'MANUTENCAO', 1861, '2015', 'MEDIO', '', 2, '14013', 20584, '2016', '2ª PARCELA DO REPASSE CONVENCIONAL'),
(60, 88, 'MANUTENCAO', 1861, '2015', 'MEDIO', '', 1, '3840', 221287, '2016', 'CUSTEIO DE DESPESAS COM O PROJETO JOVEM EMBAIXADOR NOS ESTADOS UNIDOS DA AMERICA.'),
(61, 88, 'MANUTENCAO', 1861, '2016', '', '', 1, '2000', 221303, '2016', '1º REPASSE DO EMERGENCIAL PARA AS ESCOLAS DO ENSINO MEDIO.'),
(62, 88, 'MANUTENCAO', 1861, '2016', 'MEDIO', '', 1, '13450', 474, '2017', '1ª PARCELA DO REPASSE CONVENCIONAL 2016'),
(63, 88, 'MANUTENCAO', 1861, '2016', 'MEDIO', '', 2, '13450', 474, '2017', '2ª PARCELA DO REPASSE CONVENCIONAL 2016'),
(64, 88, 'MANUTENCAO', 1861, '2016', 'MEDIO', '', 3, '13450', 476, '2017', '3ª PARCELA DO REPASSE CONVENCIONAL 2016'),
(65, 88, 'MANUTENCAO', 1861, '2016', 'MEDIO', '', 4, '13450', 476, '2017', '4ª PARCELA DO REPASSE CONVENCIONAL 2016'),
(66, 88, 'OUTROS', 1861, '2016', 'MEDIO', '', 1, '10000', 451, '2017', 'REPASSE EXTRA PARA SUPRIR AS DESPESAS COM ESCOLAS DA REDE ESTADUAL QUE OBTIVERAM OS MELHORES RESULTADOS NO ENEM 2015.'),
(67, 88, 'MANUTENCAO', 1861, '2017', 'MEDIO', '', 1, '13594', 188486, '2017', '1ª PARCELA DO REPASSE CONVENCIONAL 2017'),
(68, 88, 'MANUTENCAO', 1861, '2017', 'MEDIO', '', 2, '13594', 188486, '2017', '2ª PARCELA DO REPASSE CONVENCIONAL 2017'),
(69, 88, 'MANUTENCAO', 1861, '2017', 'MEDIO E FUNDAMENTAL', '', 3, '13594', 0, '', '3ª PARCELA DO REPASSE CONVENCIONAL 2017'),
(70, 88, 'MANUTENCAO', 1861, '2014', 'MEDIO', '', 3, '14981', 74378, '2014', '3º REPASSE CONVENCIONAL REFERENTE AO ANO DE 2013'),
(71, 88, 'MANUTENCAO', 1861, '2013', '', '', 1, '19185', 7361, '2013', 'REPASSE AS CAIXA ESCOLARES PARA O DESFILE ESTUDANTIL 2013'),
(72, 88, 'MANUTENCAO', 1861, '2013', 'MEDIO', '', 1, '14981', 7361, '2014', ''),
(73, 88, 'MANUTENCAO', 1861, '2013', 'MEDIO', '', 2, '14981', 5607, '2013', ''),
(74, 88, 'MANUTENCAO', 1861, '2014', 'MEDIO', '', 4, '14981', 74393, '2014', '4º REPASSE CONVENCIONAL REFERENTE AO ANO DE 2013'),
(75, 88, 'MANUTENCAO', 1861, '2014', 'MEDIO', '', 1, '14631', 9815, '2015', '1ªPARCELA DO REPASSE CONVENCIONAL'),
(76, 88, 'PAGAMENTO TERCEIROS', 1861, '2014', 'MEDIO', '', 1, '7000', 9810, '2015', 'REPASSE EXTRA DE RECURSO FINANCEIRO PARA CUSTEAR DESPESAS COM SERVICO DE INSTALACAO DE AR CONDICIONADO.'),
(77, 88, 'MANUTENCAO', 1861, '2014', 'MEDIO', '', 1, '14000', 9810, '2015', 'REPASSE EXTRA DE RECURSO FINANCEIRO DESTINADO A DESPESAS COM PEQUENOS SERVICOS DE ENGENHARIA.'),
(78, 88, 'OUTROS', 1861, '2014', 'MEDIO E FUNDAMENTAL', '', 1, '960', 15117, '2015', 'REPASSE EXTRA DE RECURSOS FINANCEIRO PARA CUSTEAR DESPESAS NA COMPRA DE VESTIMENTAS AOS ALUNOS QUE PARTICIPACAO DO ENCONTRO NACIONAL PARLAMENTO JUVENIL DO MERCOSUL'),
(79, 88, 'MANUTENCAO', 1861, '2014', 'MEDIO', '', 2, '14631', 9815, '2015', '2ªPARCELA DO REPASSE CONVENCIONAL'),
(80, 88, 'MANUTENCAO', 1861, '2014', '', '', 1, '12339', 9819, '2015', 'REPASSE EXTRA DE RECURSO FINANCEIRO DESTINADO A REALIZACAO DO DESFILE ESTUDANTIL 2014.'),
(81, 88, 'MANUTENCAO', 1861, '2014', 'MEDIO', '', 3, '14631', 18237, '2015', '3ªPARCELA DO REPASSE CONVENCIONAL'),
(82, 88, 'MANUTENCAO', 1861, '2015', 'MEDIO', '', 1, '14013', 20584, '2016', '1ª PARCELA DO REPASSE CONVENCIONAL'),
(83, 88, 'MANUTENCAO', 1861, '2015', 'MEDIO', '', 2, '14013', 20584, '2016', '2ª PARCELA DO REPASSE CONVENCIONAL'),
(84, 88, 'MANUTENCAO', 1861, '2015', 'MEDIO', '', 1, '3840', 221287, '2016', 'CUSTEIO DE DESPESAS COM O PROJETO JOVEM EMBAIXADOR NOS ESTADOS UNIDOS DA AMERICA.'),
(85, 88, 'MANUTENCAO', 1861, '2016', '', '', 1, '2000', 221303, '2016', '1º REPASSE DO EMERGENCIAL PARA AS ESCOLAS DO ENSINO MEDIO.'),
(86, 88, 'MANUTENCAO', 1861, '2016', 'MEDIO', '', 1, '13450', 474, '2017', '1ª PARCELA DO REPASSE CONVENCIONAL 2016'),
(87, 88, 'MANUTENCAO', 1861, '2016', 'MEDIO', '', 2, '13450', 474, '2017', '2ª PARCELA DO REPASSE CONVENCIONAL 2016'),
(88, 88, 'MANUTENCAO', 1861, '2016', 'MEDIO', '', 3, '13450', 476, '2017', '3ª PARCELA DO REPASSE CONVENCIONAL 2016'),
(89, 88, 'MANUTENCAO', 1861, '2016', 'MEDIO', '', 4, '13450', 476, '2017', '4ª PARCELA DO REPASSE CONVENCIONAL 2016'),
(90, 88, 'OUTROS', 1861, '2016', 'MEDIO', '', 1, '10000', 451, '2017', 'REPASSE EXTRA PARA SUPRIR AS DESPESAS COM ESCOLAS DA REDE ESTADUAL QUE OBTIVERAM OS MELHORES RESULTADOS NO ENEM 2015.'),
(91, 88, 'MANUTENCAO', 1861, '2017', 'MEDIO', '', 1, '13594', 188486, '2017', '1ª PARCELA DO REPASSE CONVENCIONAL 2017'),
(92, 88, 'MANUTENCAO', 1861, '2017', 'MEDIO', '', 2, '13594', 188486, '2017', '2ª PARCELA DO REPASSE CONVENCIONAL 2017'),
(93, 88, 'MANUTENCAO', 1861, '2017', 'MEDIO E FUNDAMENTAL', '', 3, '13594', 0, '', '3ª PARCELA DO REPASSE CONVENCIONAL 2017'),
(94, 88, 'MANUTENCAO', 1861, '2014', 'MEDIO', '', 3, '14981', 74378, '2014', '3º REPASSE CONVENCIONAL REFERENTE AO ANO DE 2013'),
(95, 88, 'MANUTENCAO', 1861, '2013', '', '', 1, '19185', 7361, '2013', 'REPASSE AS CAIXA ESCOLARES PARA O DESFILE ESTUDANTIL 2013'),
(96, 88, 'MANUTENCAO', 1861, '2013', 'MEDIO', '', 1, '14981', 7361, '2014', ''),
(97, 88, 'MANUTENCAO', 1861, '2013', 'MEDIO', '', 2, '14981', 5607, '2013', ''),
(98, 88, 'MANUTENCAO', 1861, '2014', 'MEDIO', '', 4, '14981', 74393, '2014', '4º REPASSE CONVENCIONAL REFERENTE AO ANO DE 2013'),
(99, 88, 'MANUTENCAO', 1861, '2014', 'MEDIO', '', 1, '14631', 9815, '2015', '1ªPARCELA DO REPASSE CONVENCIONAL'),
(100, 88, 'PAGAMENTO TERCEIROS', 1861, '2014', 'MEDIO', '', 1, '7000', 9810, '2015', 'REPASSE EXTRA DE RECURSO FINANCEIRO PARA CUSTEAR DESPESAS COM SERVICO DE INSTALACAO DE AR CONDICIONADO.'),
(101, 88, 'MANUTENCAO', 1861, '2014', 'MEDIO', '', 1, '14000', 9810, '2015', 'REPASSE EXTRA DE RECURSO FINANCEIRO DESTINADO A DESPESAS COM PEQUENOS SERVICOS DE ENGENHARIA.'),
(102, 88, 'OUTROS', 1861, '2014', 'MEDIO E FUNDAMENTAL', '', 1, '960', 15117, '2015', 'REPASSE EXTRA DE RECURSOS FINANCEIRO PARA CUSTEAR DESPESAS NA COMPRA DE VESTIMENTAS AOS ALUNOS QUE PARTICIPACAO DO ENCONTRO NACIONAL PARLAMENTO JUVENIL DO MERCOSUL'),
(103, 88, 'MANUTENCAO', 1861, '2014', 'MEDIO', '', 2, '14631', 9815, '2015', '2ªPARCELA DO REPASSE CONVENCIONAL'),
(104, 88, 'MANUTENCAO', 1861, '2014', '', '', 1, '12339', 9819, '2015', 'REPASSE EXTRA DE RECURSO FINANCEIRO DESTINADO A REALIZACAO DO DESFILE ESTUDANTIL 2014.'),
(105, 88, 'MANUTENCAO', 1861, '2014', 'MEDIO', '', 3, '14631', 18237, '2015', '3ªPARCELA DO REPASSE CONVENCIONAL'),
(106, 88, 'MANUTENCAO', 1861, '2015', 'MEDIO', '', 1, '14013', 20584, '2016', '1ª PARCELA DO REPASSE CONVENCIONAL'),
(107, 88, 'MANUTENCAO', 1861, '2015', 'MEDIO', '', 2, '14013', 20584, '2016', '2ª PARCELA DO REPASSE CONVENCIONAL'),
(108, 88, 'MANUTENCAO', 1861, '2015', 'MEDIO', '', 1, '3840', 221287, '2016', 'CUSTEIO DE DESPESAS COM O PROJETO JOVEM EMBAIXADOR NOS ESTADOS UNIDOS DA AMERICA.'),
(109, 88, 'MANUTENCAO', 1861, '2016', '', '', 1, '2000', 221303, '2016', '1º REPASSE DO EMERGENCIAL PARA AS ESCOLAS DO ENSINO MEDIO.'),
(110, 88, 'MANUTENCAO', 1861, '2016', 'MEDIO', '', 1, '13450', 474, '2017', '1ª PARCELA DO REPASSE CONVENCIONAL 2016'),
(111, 88, 'MANUTENCAO', 1861, '2016', 'MEDIO', '', 2, '13450', 474, '2017', '2ª PARCELA DO REPASSE CONVENCIONAL 2016'),
(112, 88, 'MANUTENCAO', 1861, '2016', 'MEDIO', '', 3, '13450', 476, '2017', '3ª PARCELA DO REPASSE CONVENCIONAL 2016'),
(113, 88, 'MANUTENCAO', 1861, '2016', 'MEDIO', '', 4, '13450', 476, '2017', '4ª PARCELA DO REPASSE CONVENCIONAL 2016'),
(114, 88, 'OUTROS', 1861, '2016', 'MEDIO', '', 1, '10000', 451, '2017', 'REPASSE EXTRA PARA SUPRIR AS DESPESAS COM ESCOLAS DA REDE ESTADUAL QUE OBTIVERAM OS MELHORES RESULTADOS NO ENEM 2015.'),
(115, 88, 'MANUTENCAO', 1861, '2017', 'MEDIO', '', 1, '13594', 188486, '2017', '1ª PARCELA DO REPASSE CONVENCIONAL 2017'),
(116, 88, 'MANUTENCAO', 1861, '2017', 'MEDIO', '', 2, '13594', 188486, '2017', '2ª PARCELA DO REPASSE CONVENCIONAL 2017'),
(117, 88, 'MANUTENCAO', 1861, '2017', 'MEDIO E FUNDAMENTAL', '', 3, '13594', 0, '', '3ª PARCELA DO REPASSE CONVENCIONAL 2017'),
(118, 88, 'MANUTENCAO', 1861, '2014', 'MEDIO', '', 3, '14981', 74378, '2014', '3º REPASSE CONVENCIONAL REFERENTE AO ANO DE 2013'),
(119, 88, 'MANUTENCAO', 1861, '2013', '', '', 1, '19185', 7361, '2013', 'REPASSE AS CAIXA ESCOLARES PARA O DESFILE ESTUDANTIL 2013'),
(120, 88, 'MANUTENCAO', 1861, '2013', 'MEDIO', '', 1, '14981', 7361, '2014', ''),
(121, 367, 'MANUTENCAO', 2192, '2014', 'FUNDAMENTAL', '', 2, '2025', 250614, '2016', '2ªPARCELA DO REPASSE CONVENCIONAL'),
(122, 367, 'MANUTENCAO', 2192, '2017', 'MEDIO', '', 1, '2213', 241957, '2017', '1ª PARCELA DO REPASSE CONVENCIONAL 2017'),
(123, 367, 'MANUTENCAO', 2192, '2015', 'MEDIO', '', 1, '2144', 250619, '2016', '1ª PARCELA DO REPASSE CONVENCIONAL'),
(124, 367, 'MANUTENCAO', 2192, '2015', 'MEDIO', '', 1, '2144', 250619, '2016', '1ª PARCELA DO REPASSE CONVENCIONAL'),
(125, 367, 'MANUTENCAO', 2192, '2015', 'FUNDAMENTAL', '', 1, '2125', 250619, '2016', '1ª PARCELA DO REPASSE CONVENCIONAL'),
(126, 367, 'OUTROS', 2192, '2016', 'MEDIO', '', 1, '10000', 83942, '2017', 'REPASSE EXTRA PARA DESPESAS COM ESCOLA QUE OBTIVERAM OS MELHORES RESULTADOS NO ENEM 2016.'),
(127, 367, 'MANUTENCAO', 2192, '2017', 'MEDIO', '', 2, '2213', 241957, '2017', '2ª PARCELA DO REPASSE CONVENCIONAL 2017'),
(128, 367, 'MANUTENCAO', 2192, '2017', 'MEDIO', '', 1, '2213', 241957, '2017', '1ª PARCELA DO REPASSE CONVENCIONAL 2017'),
(129, 367, 'MANUTENCAO', 2192, '2016', '', '', 1, '2000', 19285, '2017', 'SEGUNDO REPASSE EMERGENCIAL PARA ESCOLAS DE ENSINO FUNDAMENTAL E MEDIO.'),
(130, 367, 'MANUTENCAO', 2192, '2017', 'FUNDAMENTAL', '', 1, '2244', 241957, '2017', '1ª PARCELA DO REPASSE CONVENCIONAL 2017'),
(131, 367, 'OUTROS', 2192, '2016', 'MEDIO', '', 1, '10000', 83942, '2017', 'REPASSE EXTRA PARA DESPESAS COM ESCOLA QUE OBTIVERAM OS MELHORES RESULTADOS NO ENEM 2016.'),
(132, 367, 'MANUTENCAO', 2192, '2017', 'MEDIO', '', 2, '2213', 241957, '2017', '2ª PARCELA DO REPASSE CONVENCIONAL 2017'),
(133, 367, 'MANUTENCAO', 2192, '2017', 'FUNDAMENTAL', '', 2, '2244', 241957, '2017', '2ª PARCELA DO REPASSE CONVENCIONAL 2017'),
(134, 367, 'MANUTENCAO', 2192, '2015', 'FUNDAMENTAL', '', 1, '2125', 250619, '2016', '1ª PARCELA DO REPASSE CONVENCIONAL'),
(135, 367, 'OUTROS', 2192, '2016', 'MEDIO', '', 1, '10000', 83942, '2017', 'REPASSE EXTRA PARA DESPESAS COM ESCOLA QUE OBTIVERAM OS MELHORES RESULTADOS NO ENEM 2016.'),
(136, 367, 'MANUTENCAO', 2192, '2017', 'MEDIO', '', 1, '2213', 241957, '2017', '1ª PARCELA DO REPASSE CONVENCIONAL 2017'),
(137, 367, 'MANUTENCAO', 2192, '2017', 'MEDIO', '', 1, '2213', 0, '', '1ª PARCELA DO REPASSE CONVENCIONAL 2017'),
(138, 367, 'MANUTENCAO', 2192, '2017', 'FUNDAMENTAL', '', 1, '2244', 0, '', '1ª PARCELA DO REPASSE CONVENCIONAL 2017'),
(139, 367, 'MANUTENCAO', 2192, '2017', 'FUNDAMENTAL', '', 1, '2244', 241957, '2017', '1ª PARCELA DO REPASSE CONVENCIONAL 2017'),
(140, 367, 'MANUTENCAO', 2192, '2017', 'MEDIO', '', 2, '2213', 0, '', '2ª PARCELA DO REPASSE CONVENCIONAL 2017'),
(141, 367, 'MANUTENCAO', 2192, '2017', 'FUNDAMENTAL', '', 2, '2244', 0, '', '2ª PARCELA DO REPASSE CONVENCIONAL 2017'),
(142, 367, 'MANUTENCAO', 2192, '2017', 'FUNDAMENTAL', '', 2, '2244', 241957, '2017', '2ª PARCELA DO REPASSE CONVENCIONAL 2017'),
(143, 367, 'MANUTENCAO', 2192, '2017', 'MEDIO', '', 2, '2213', 241957, '2017', '2ª PARCELA DO REPASSE CONVENCIONAL 2017'),
(144, 367, 'MANUTENCAO', 2192, '2017', 'FUNDAMENTAL', '', 2, '2244', 241957, '2017', '2ª PARCELA DO REPASSE CONVENCIONAL 2017'),
(145, 367, 'MANUTENCAO', 2192, '2017', 'FUNDAMENTAL', '', 1, '2244', 241957, '2017', '1ª PARCELA DO REPASSE CONVENCIONAL 2017'),
(146, 367, 'MANUTENCAO', 2192, '2017', 'FUNDAMENTAL', '', 2, '2244', 241957, '2017', '2ª PARCELA DO REPASSE CONVENCIONAL 2017'),
(147, 367, 'MANUTENCAO', 2192, '2016', '', '', 1, '2000', 19285, '2017', 'SEGUNDO REPASSE EMERGENCIAL PARA ESCOLAS DE ENSINO FUNDAMENTAL E MEDIO.'),
(148, 367, 'MANUTENCAO', 2192, '2016', '', '', 1, '2000', 19285, '2017', 'SEGUNDO REPASSE EMERGENCIAL PARA ESCOLAS DE ENSINO FUNDAMENTAL E MEDIO.'),
(149, 367, 'MANUTENCAO', 2192, '2014', 'FUNDAMENTAL', '', 2, '2025', 250614, '2016', '2ªPARCELA DO REPASSE CONVENCIONAL'),
(150, 367, 'OUTROS', 2192, '2016', 'MEDIO', '', 1, '10000', 83942, '2017', 'REPASSE EXTRA PARA DESPESAS COM ESCOLA QUE OBTIVERAM OS MELHORES RESULTADOS NO ENEM 2016.'),
(151, 367, 'MANUTENCAO', 2192, '2014', 'FUNDAMENTAL', '', 2, '2025', 250614, '2016', '2ªPARCELA DO REPASSE CONVENCIONAL'),
(152, 367, 'MANUTENCAO', 2192, '2015', 'MEDIO', '', 1, '2144', 250619, '2016', '1ª PARCELA DO REPASSE CONVENCIONAL'),
(153, 367, 'MANUTENCAO', 2192, '2015', 'MEDIO', '', 1, '2144', 250619, '2016', '1ª PARCELA DO REPASSE CONVENCIONAL'),
(154, 367, 'MANUTENCAO', 2192, '2014', 'FUNDAMENTAL', '', 2, '2025', 250614, '2016', '2ªPARCELA DO REPASSE CONVENCIONAL'),
(155, 367, 'MANUTENCAO', 2192, '2017', 'MEDIO', '', 2, '2213', 241957, '2017', '2ª PARCELA DO REPASSE CONVENCIONAL 2017'),
(156, 367, 'MANUTENCAO', 2192, '2015', 'MEDIO', '', 1, '2144', 250619, '2016', '1ª PARCELA DO REPASSE CONVENCIONAL'),
(157, 367, 'MANUTENCAO', 2192, '2015', 'FUNDAMENTAL', '', 1, '2125', 250619, '2016', '1ª PARCELA DO REPASSE CONVENCIONAL'),
(158, 367, 'MANUTENCAO', 2192, '2015', 'FUNDAMENTAL', '', 1, '2125', 250619, '2016', '1ª PARCELA DO REPASSE CONVENCIONAL'),
(159, 367, 'OUTROS', 2192, '2016', 'MEDIO', '', 1, '10000', 83942, '2017', 'REPASSE EXTRA PARA DESPESAS COM ESCOLA QUE OBTIVERAM OS MELHORES RESULTADOS NO ENEM 2016.'),
(160, 367, 'MANUTENCAO', 2192, '2015', 'FUNDAMENTAL', '', 1, '2125', 250619, '2016', '1ª PARCELA DO REPASSE CONVENCIONAL'),
(161, 367, 'MANUTENCAO', 2192, '2017', 'MEDIO', '', 1, '2213', 241957, '2017', '1ª PARCELA DO REPASSE CONVENCIONAL 2017'),
(162, 367, 'MANUTENCAO', 2192, '2016', '', '', 1, '2000', 19285, '2017', 'SEGUNDO REPASSE EMERGENCIAL PARA ESCOLAS DE ENSINO FUNDAMENTAL E MEDIO.'),
(163, 367, 'MANUTENCAO', 2192, '2016', '', '', 1, '2000', 19285, '2017', 'SEGUNDO REPASSE EMERGENCIAL PARA ESCOLAS DE ENSINO FUNDAMENTAL E MEDIO.'),
(164, 367, 'MANUTENCAO', 2192, '2017', 'FUNDAMENTAL', '', 1, '2244', 241957, '2017', '1ª PARCELA DO REPASSE CONVENCIONAL 2017'),
(165, 367, 'MANUTENCAO', 2192, '2014', 'FUNDAMENTAL', '', 2, '2025', 250614, '2016', '2ªPARCELA DO REPASSE CONVENCIONAL');

-- --------------------------------------------------------

--
-- Estrutura da tabela `tbltercerizado`
--

CREATE TABLE `tbltercerizado` (
  `inttercerizadoid` int(11) NOT NULL,
  `codigo_imovel` int(11) NOT NULL,
  `tipo` varchar(45) DEFAULT NULL,
  `posto_trabalho` varchar(45) DEFAULT NULL,
  `quantidade` int(11) DEFAULT NULL,
  `valor_unitario` varchar(10) DEFAULT NULL,
  `data_ultima_atualizacao` varchar(40) DEFAULT NULL
) ENGINE=InnoDB DEFAULT CHARSET=utf8;

--
-- Extraindo dados da tabela `tbltercerizado`
--

INSERT INTO `tbltercerizado` (`inttercerizadoid`, `codigo_imovel`, `tipo`, `posto_trabalho`, `quantidade`, `valor_unitario`, `data_ultima_atualizacao`) VALUES
(1, 88, 'LIMPEZA', '40H SEMANAIS', 7, '2092', '2017/08/18 16:38:35.820000000'),
(2, 88, 'MERENDEIRA', '40H SEMANAIS', 2, '2347', '2017/08/18 16:50:37.493000000'),
(3, 88, 'VIGILANCIA', 'DIURNO ARMADO', 2, '7077', '2017/08/18 17:19:06.210000000'),
(4, 88, 'VIGILANCIA', 'NOTURNO ARMADO', 2, '8448', '2017/08/18 17:20:09.287000000'),
(5, 367, 'MERENDEIRA', '40H SEMANAIS', 1, '2347', '2017/08/18 16:50:37.493000000'),
(6, 367, 'VIGILANCIA', 'NOTURNO ARMADO', 1, '8448', '2017/08/18 17:20:09.287000000');

--
-- Índices para tabelas despejadas
--

--
-- Índices para tabela `tblgestor`
--
ALTER TABLE `tblgestor`
  ADD PRIMARY KEY (`intgestorid`),
  ADD KEY `fk_tblgestor_tblimovel` (`codigo_imovel`);

--
-- Índices para tabela `tblimovel`
--
ALTER TABLE `tblimovel`
  ADD PRIMARY KEY (`codigo`);

--
-- Índices para tabela `tblrepasse`
--
ALTER TABLE `tblrepasse`
  ADD PRIMARY KEY (`intrepasseid`),
  ADD KEY `fk_tblrepasse_tblimovel1` (`codigo_imovel`);

--
-- Índices para tabela `tbltercerizado`
--
ALTER TABLE `tbltercerizado`
  ADD PRIMARY KEY (`inttercerizadoid`),
  ADD KEY `fk_tbltercerizado_tblimovel1` (`codigo_imovel`);

--
-- AUTO_INCREMENT de tabelas despejadas
--

--
-- AUTO_INCREMENT de tabela `tblgestor`
--
ALTER TABLE `tblgestor`
  MODIFY `intgestorid` int(11) NOT NULL AUTO_INCREMENT, AUTO_INCREMENT=6;

--
-- AUTO_INCREMENT de tabela `tblimovel`
--
ALTER TABLE `tblimovel`
  MODIFY `codigo` int(11) NOT NULL AUTO_INCREMENT, AUTO_INCREMENT=369;

--
-- AUTO_INCREMENT de tabela `tblrepasse`
--
ALTER TABLE `tblrepasse`
  MODIFY `intrepasseid` int(11) NOT NULL AUTO_INCREMENT, AUTO_INCREMENT=166;

--
-- AUTO_INCREMENT de tabela `tbltercerizado`
--
ALTER TABLE `tbltercerizado`
  MODIFY `inttercerizadoid` int(11) NOT NULL AUTO_INCREMENT, AUTO_INCREMENT=7;

--
-- Restrições para despejos de tabelas
--

--
-- Limitadores para a tabela `tblgestor`
--
ALTER TABLE `tblgestor`
  ADD CONSTRAINT `fk_tblgestor_tblimovel` FOREIGN KEY (`codigo_imovel`) REFERENCES `tblimovel` (`codigo`) ON DELETE NO ACTION ON UPDATE NO ACTION;

--
-- Limitadores para a tabela `tblrepasse`
--
ALTER TABLE `tblrepasse`
  ADD CONSTRAINT `fk_tblrepasse_tblimovel1` FOREIGN KEY (`codigo_imovel`) REFERENCES `tblimovel` (`codigo`) ON DELETE NO ACTION ON UPDATE NO ACTION;

--
-- Limitadores para a tabela `tbltercerizado`
--
ALTER TABLE `tbltercerizado`
  ADD CONSTRAINT `fk_tbltercerizado_tblimovel1` FOREIGN KEY (`codigo_imovel`) REFERENCES `tblimovel` (`codigo`) ON DELETE NO ACTION ON UPDATE NO ACTION;
COMMIT;

/*!40101 SET CHARACTER_SET_CLIENT=@OLD_CHARACTER_SET_CLIENT */;
/*!40101 SET CHARACTER_SET_RESULTS=@OLD_CHARACTER_SET_RESULTS */;
/*!40101 SET COLLATION_CONNECTION=@OLD_COLLATION_CONNECTION */;
